<?xml version="1.0" encoding="UTF-8"?>
<project-private xmlns="http://www.netbeans.org/ns/project-private/1">
    <editor-bookmarks xmlns="http://www.netbeans.org/ns/editor-bookmarks/1"/>
    <open-files xmlns="http://www.netbeans.org/ns/projectui-open-files/1">
        <file>file:/C:/Eva/Tema%2005/Ejemplo/amanteMusica/src/pruebas/Prueba.java</file>
        <file>file:/C:/Eva/Tema%2005/Ejemplo/amanteMusica/src/objetosNegocio/Fecha.java</file>
        <file>file:/C:/Eva/Tema%2005/Ejemplo/amanteMusica/src/objetosNegocio/Medio.java</file>
        <file>file:/C:/Eva/Tema%2005/Ejemplo/amanteMusica/src/objetosNegocio/Cancion.java</file>
    </open-files>
</project-private>
