
# ************ TABLAS_UNI4.SQL

# ************ TABLAS PARALEER Y LEIDOS **************

# DROP TABLE PARALEER; 

CREATE  TABLE  PARALEER
(
  COD_LIBRO  INTEGER(3),
  NOMBRE_LIBRO VARCHAR(40)
)ENGINE=INNODB;

# DROP TABLE LEIDOS; 

CREATE  TABLE  LEIDOS
(
  COD_LIBRO  INTEGER(3),
  FECHA  DATE
)ENGINE=INNODB;

INSERT INTO PARALEER values(100,'Cien Años de Soledad');
INSERT INTO PARALEER values (200,'Los Mitos Griegos');
INSERT INTO PARALEER values (300,'El Camino');

INSERT INTO LEIDOS values(300, '1999-02-20');
INSERT INTO LEIDOS values(200, '1999-04-11');



# ************ TABLA ALUM, NUEVOS, ANTIGUOS ************

# DROP TABLE ALUM;
# DROP TABLE NUEVOS;
# DROP TABLE ANTIGUOS;

Create TABLE ALUM
(
  NOMBRE VARCHAR(20),
  EDAD INTEGER(2),
  LOCALIDAD VARCHAR(15)
)ENGINE=INNODB;

Create TABLE  NUEVOS
(
  NOMBRE  VARCHAR(20),
  EDAD INTEGER(2),
  LOCALIDAD VARCHAR(15)
)ENGINE=INNODB;

Create TABLE ANTIGUOS
(
  NOMBRE  VARCHAR(20),
  EDAD INTEGER(2),
  LOCALIDAD VARCHAR(15)
)ENGINE=INNODB;

INSERT INTO ALUM VALUES('JUAN',18,'COSLADA');
INSERT INTO ALUM VALUES('PEDRO',19,'COSLADA');
INSERT INTO ALUM VALUES('ANA',17,'ALCALA');
INSERT INTO ALUM VALUES('LUISA',18,'TORREJÓN');
INSERT INTO ALUM VALUES('MARÍA',20,'MADRID');
INSERT INTO ALUM VALUES('ERNESTO',21,'MADRID');
INSERT INTO ALUM VALUES('RAQUEL',19,'TOLEDO');

INSERT INTO NUEVOS VALUES('JUAN',18,'COSLADA');
INSERT INTO NUEVOS VALUES('MAITE',15,'ALCALA');
INSERT INTO NUEVOS VALUES('SOFÍA',14,'ALCALA');
INSERT INTO NUEVOS VALUES('ANA',17,'ALCALA');
INSERT INTO NUEVOS VALUES('ERNESTO',21,'MADRID');

INSERT INTO ANTIGUOS VALUES('MARÍA',20,'MADRID');
INSERT INTO ANTIGUOS VALUES('ERNESTO',21,'MADRID');
INSERT INTO ANTIGUOS VALUES('ANDRÉS',26,'LAS ROZAS');
INSERT INTO ANTIGUOS VALUES('IRENE',24,'LAS ROZAS');


# ************ TABLA PERSONAL, PROFESORES, CENTROS ***********

# DROP TABLE PERSONAL; 

CREATE TABLE PERSONAL (
 COD_CENTRO   INTEGER(4) NOT NULL,
 DNI INTEGER(10),
 APELLIDOS VARCHAR(30),
 FUNCION VARCHAR(15),
 SALARIO INTEGER (10) 
)ENGINE=INNODB;

INSERT INTO PERSONAL VALUES (10,1112345,'Martínez Salas, Fernando',
'PROFESOR', 220000);
INSERT INTO PERSONAL VALUES (10,4123005,'Bueno Zarco, Elisa', 
'PROFESOR', 220000);
INSERT INTO PERSONAL VALUES (10,4122025,'Montes García, M.Pilar', 
'PROFESOR', 220000);

INSERT INTO PERSONAL VALUES (15,1112345,'Rivera Silvestre, Ana',
'PROFESOR', 205000);
INSERT INTO PERSONAL VALUES (15,9800990, 'Ramos Ruiz, Luis',
'PROFESOR', 205000);
INSERT INTO PERSONAL VALUES (15,8660990, 'De Lucas Fdez, M.Angel',
'PROFESOR', 205000);

INSERT INTO PERSONAL VALUES (22,7650000, 'Ruiz Lafuente, Manuel',
'PROFESOR', 220000);
INSERT INTO PERSONAL VALUES (45,43526789, 'Serrano Laguía, María',
'PROFESOR', 205000);


INSERT INTO PERSONAL VALUES (10,4480099,'Ruano Cerezo, Manuel',
'ADMINISTRATIVO', 180000);
INSERT INTO PERSONAL VALUES (15,1002345,'Albarrán Serrano, Alicia',
'ADMINISTRATIVO', 180000);
INSERT INTO PERSONAL VALUES (15,7002660,'Muñoz Rey, Felicia',
'ADMINISTRATIVO', 180000);
INSERT INTO PERSONAL VALUES (22,5502678,'Marín Marín, Pedro',
'ADMINISTRATIVO', 180000);
INSERT INTO PERSONAL VALUES (22,6600980, 'Peinado Gil, Elena',
'CONSERJE', 175000);
INSERT INTO PERSONAL VALUES (45,4163222, 'Sarro Molina, Carmen',
'CONSERJE', 175000);


DROP TABLE PROFESORES; 

CREATE TABLE PROFESORES (
 COD_CENTRO   INTEGER(4) NOT NULL,
 DNI          INTEGER(10),
 APELLIDOS VARCHAR(30),
 ESPECIALIDAD VARCHAR(16) 
)ENGINE=INNODB;


INSERT INTO PROFESORES VALUES (10,1112345,'Martínez Salas, Fernando',
'INFORMÁTICA');
INSERT INTO PROFESORES VALUES (10,4123005,'Bueno Zarco, Elisa', 
'MATEMÁTICAS');
INSERT INTO PROFESORES VALUES (10,4122025,'Montes García, M.Pilar', 
'MATEMÁTICAS');

INSERT INTO PROFESORES VALUES (15,9800990, 'Ramos Ruiz, Luis',
	'LENGUA');
INSERT INTO PROFESORES VALUES (15,1112345,'Rivera Silvestre, Ana',
	'DIBUJO');
INSERT INTO PROFESORES VALUES (15,8660990, 'De Lucas Fdez, M.Angel',
'LENGUA');

INSERT INTO PROFESORES VALUES (22,7650000, 'Ruiz Lafuente, Manuel',
'MATEMÁTICAS');
INSERT INTO PROFESORES VALUES (45,43526789, 'Serrano Laguía, María',
'INFORMÁTICA');

# DROP TABLE CENTROS; 

CREATE TABLE CENTROS (
 COD_CENTRO   INTEGER(4) NOT NULL,
 TIPO_CENTRO  CHAR(1),
 NOMBRE VARCHAR(30),
 DIRECCION VARCHAR(26),
 TELEFONO VARCHAR(10),
 NUM_PLAZAS INTEGER(4)
 )ENGINE=INNODB;


INSERT INTO CENTROS VALUES (10,'S','IES El Quijote', 
'Avda. Los Molinos 25', '965-887654',538);
INSERT INTO CENTROS VALUES (15,'P','CP Los Danzantes', 'C/Las Musas s/n',
'985-112322',250);
INSERT INTO CENTROS VALUES (22,'S', 'IES Planeta Tierra', 'C/Mina 45',
'925-443400',300);
INSERT INTO CENTROS VALUES (45,'P', 'CP Manuel Hidalgo', 'C/Granada 5',
'926-202310',220);
INSERT INTO CENTROS VALUES (50,'S', 'IES Antoñete', 'C/Los Toreros 21',
'989-406090',310);



# REM ************ FIN ****************





